File,Nbitems,Nbtransactions,Density
anneal.dat,89,812,0.4719101123595505
chess.dat,75,3196,0.4933333333333333
connect.dat,129,67557,0.3333333333333333
pumsb.dat,2113,49046,0.0350212967345007
heart-cleveland.dat,95,296,0.4736842105263157
eisen.dat,9839,2464,0.0037118715211001
mushroom.dat,112,8124,0.1875
iris.dat,15,150,0.3333333333333333
contextPasquier99.dat,5,5,0.64
